url,page_type,primary_keyword,secondary_keywords,indexing
https://puppydiscovery.com/,home,"puppies for sale","find puppies online; available puppies; puppy search",index
https://puppydiscovery.com/puppies/,inventory,"puppies for sale","available puppies; puppies available now; browse puppies",index
https://puppydiscovery.com/breeds/,breed_directory,"puppy breeds","dog breeds; puppy breed guide; compare puppy breeds",index
https://puppydiscovery.com/find-my-puppy/,conversion,"find a puppy","find my puppy; help finding a puppy; specific puppy search",index
https://puppydiscovery.com/how-it-works/,support,"how to find a puppy","puppy search process; buying a puppy in Stuart",index
https://puppydiscovery.com/visit/,local_support,"puppy store Stuart FL","The Noble Paw Stuart; puppies Stuart Florida",index
https://puppydiscovery.com/locations/,location_directory,"puppies near Stuart Florida","Treasure Coast puppies; local puppy search",index
https://puppydiscovery.com/privacy/,legal,"PuppyDiscovery privacy","privacy notice",index
https://puppydiscovery.com/terms/,legal,"PuppyDiscovery terms","terms of use",index
https://puppydiscovery.com/breeds/australian-shepherd/,breed,"Australian Shepherd puppies for sale","Australian Shepherd puppy; Australian Shepherd puppies; Australian Shepherd breed guide; Australian Shepherd availability",index
https://puppydiscovery.com/breeds/beagle/,breed,"Beagle puppies for sale","Beagle puppy; Beagle puppies; Beagle breed guide; Beagle availability",index
https://puppydiscovery.com/breeds/bernedoodle/,breed,"Bernedoodle puppies for sale","Bernedoodle puppy; Bernedoodle puppies; Bernedoodle breed guide; Bernedoodle availability",index
https://puppydiscovery.com/breeds/bichon-frise/,breed,"Bichon Frise puppies for sale","Bichon Frise puppy; Bichon Frise puppies; Bichon Frise breed guide; Bichon Frise availability",index
https://puppydiscovery.com/breeds/boston-terrier/,breed,"Boston Terrier puppies for sale","Boston Terrier puppy; Boston Terrier puppies; Boston Terrier breed guide; Boston Terrier availability",index
https://puppydiscovery.com/breeds/boxer/,breed,"Boxer puppies for sale","Boxer puppy; Boxer puppies; Boxer breed guide; Boxer availability",index
https://puppydiscovery.com/breeds/cane-corso/,breed,"Cane Corso puppies for sale","Cane Corso puppy; Cane Corso puppies; Cane Corso breed guide; Cane Corso availability",index
https://puppydiscovery.com/breeds/cavachon/,breed,"Cavachon puppies for sale","Cavachon puppy; Cavachon puppies; Cavachon breed guide; Cavachon availability",index
https://puppydiscovery.com/breeds/cavalier-king-charles-spaniel/,breed,"Cavalier King Charles Spaniel puppies for sale","Cavalier King Charles Spaniel puppy; Cavalier King Charles Spaniel puppies; Cavalier King Charles Spaniel breed guide; Cavalier King Charles Spaniel availability",index
https://puppydiscovery.com/breeds/cavapoo/,breed,"Cavapoo puppies for sale","Cavapoo puppy; Cavapoo puppies; Cavapoo breed guide; Cavapoo availability",index
https://puppydiscovery.com/breeds/chihuahua/,breed,"Chihuahua puppies for sale","Chihuahua puppy; Chihuahua puppies; Chihuahua breed guide; Chihuahua availability",index
https://puppydiscovery.com/breeds/cockapoo/,breed,"Cockapoo puppies for sale","Cockapoo puppy; Cockapoo puppies; Cockapoo breed guide; Cockapoo availability",index
https://puppydiscovery.com/breeds/french-bulldog/,breed,"French Bulldog puppies for sale","French Bulldog puppy; French Bulldog puppies; French Bulldog breed guide; French Bulldog availability",index
https://puppydiscovery.com/breeds/golden-retriever/,breed,"Golden Retriever puppies for sale","Golden Retriever puppy; Golden Retriever puppies; Golden Retriever breed guide; Golden Retriever availability",index
https://puppydiscovery.com/breeds/goldendoodle/,breed,"Goldendoodle puppies for sale","Goldendoodle puppy; Goldendoodle puppies; Goldendoodle breed guide; Goldendoodle availability",index
https://puppydiscovery.com/breeds/havanese/,breed,"Havanese puppies for sale","Havanese puppy; Havanese puppies; Havanese breed guide; Havanese availability",index
https://puppydiscovery.com/breeds/labrador-retriever/,breed,"Labrador Retriever puppies for sale","Labrador Retriever puppy; Labrador Retriever puppies; Labrador Retriever breed guide; Labrador Retriever availability",index
https://puppydiscovery.com/breeds/maltese/,breed,"Maltese puppies for sale","Maltese puppy; Maltese puppies; Maltese breed guide; Maltese availability",index
https://puppydiscovery.com/breeds/maltipoo/,breed,"Maltipoo puppies for sale","Maltipoo puppy; Maltipoo puppies; Maltipoo breed guide; Maltipoo availability",index
https://puppydiscovery.com/breeds/mini-australian-shepherd/,breed,"Mini Australian Shepherd puppies for sale","Mini Australian Shepherd puppy; Mini Australian Shepherd puppies; Mini Australian Shepherd breed guide; Mini Australian Shepherd availability",index
https://puppydiscovery.com/breeds/mini-bernedoodle/,breed,"Mini Bernedoodle puppies for sale","Mini Bernedoodle puppy; Mini Bernedoodle puppies; Mini Bernedoodle breed guide; Mini Bernedoodle availability",index
https://puppydiscovery.com/breeds/mini-dachshund/,breed,"Mini Dachshund puppies for sale","Mini Dachshund puppy; Mini Dachshund puppies; Mini Dachshund breed guide; Mini Dachshund availability",index
https://puppydiscovery.com/breeds/mini-goldendoodle/,breed,"Mini Goldendoodle puppies for sale","Mini Goldendoodle puppy; Mini Goldendoodle puppies; Mini Goldendoodle breed guide; Mini Goldendoodle availability",index
https://puppydiscovery.com/breeds/miniature-poodle/,breed,"Miniature Poodle puppies for sale","Miniature Poodle puppy; Miniature Poodle puppies; Miniature Poodle breed guide; Miniature Poodle availability",index
https://puppydiscovery.com/breeds/miniature-schnauzer/,breed,"Miniature Schnauzer puppies for sale","Miniature Schnauzer puppy; Miniature Schnauzer puppies; Miniature Schnauzer breed guide; Miniature Schnauzer availability",index
https://puppydiscovery.com/breeds/morkie/,breed,"Morkie puppies for sale","Morkie puppy; Morkie puppies; Morkie breed guide; Morkie availability",index
https://puppydiscovery.com/breeds/pembroke-welsh-corgi/,breed,"Pembroke Welsh Corgi puppies for sale","Pembroke Welsh Corgi puppy; Pembroke Welsh Corgi puppies; Pembroke Welsh Corgi breed guide; Pembroke Welsh Corgi availability",index
https://puppydiscovery.com/breeds/pomeranian/,breed,"Pomeranian puppies for sale","Pomeranian puppy; Pomeranian puppies; Pomeranian breed guide; Pomeranian availability",index
https://puppydiscovery.com/breeds/pomsky/,breed,"Pomsky puppies for sale","Pomsky puppy; Pomsky puppies; Pomsky breed guide; Pomsky availability",index
https://puppydiscovery.com/breeds/pug/,breed,"Pug puppies for sale","Pug puppy; Pug puppies; Pug breed guide; Pug availability",index
https://puppydiscovery.com/breeds/sheepadoodle/,breed,"Sheepadoodle puppies for sale","Sheepadoodle puppy; Sheepadoodle puppies; Sheepadoodle breed guide; Sheepadoodle availability",index
https://puppydiscovery.com/breeds/shiba-inu/,breed,"Shiba Inu puppies for sale","Shiba Inu puppy; Shiba Inu puppies; Shiba Inu breed guide; Shiba Inu availability",index
https://puppydiscovery.com/breeds/shih-tzu/,breed,"Shih Tzu puppies for sale","Shih Tzu puppy; Shih Tzu puppies; Shih Tzu breed guide; Shih Tzu availability",index
https://puppydiscovery.com/breeds/toy-poodle/,breed,"Toy Poodle puppies for sale","Toy Poodle puppy; Toy Poodle puppies; Toy Poodle breed guide; Toy Poodle availability",index
https://puppydiscovery.com/breeds/west-highland-white-terrier/,breed,"West Highland White Terrier puppies for sale","West Highland White Terrier puppy; West Highland White Terrier puppies; West Highland White Terrier breed guide; West Highland White Terrier availability",index
https://puppydiscovery.com/breeds/yorkshire-terrier/,breed,"Yorkshire Terrier puppies for sale","Yorkshire Terrier puppy; Yorkshire Terrier puppies; Yorkshire Terrier breed guide; Yorkshire Terrier availability",index
https://puppydiscovery.com/puppies/stuart-fl/,location,"puppies for sale Stuart FL","puppies near Stuart; puppy store near Stuart; puppies Stuart Florida",index
https://puppydiscovery.com/puppies/palm-city-fl/,location,"puppies for sale Palm City FL","puppies near Palm City; puppy store near Palm City; puppies Palm City Florida",index
https://puppydiscovery.com/puppies/jensen-beach-fl/,location,"puppies for sale Jensen Beach FL","puppies near Jensen Beach; puppy store near Jensen Beach; puppies Jensen Beach Florida",index
https://puppydiscovery.com/puppies/port-st-lucie-fl/,location,"puppies for sale Port St. Lucie FL","puppies near Port St. Lucie; puppy store near Port St. Lucie; puppies Port St. Lucie Florida",index
https://puppydiscovery.com/puppies/hobe-sound-fl/,location,"puppies for sale Hobe Sound FL","puppies near Hobe Sound; puppy store near Hobe Sound; puppies Hobe Sound Florida",index
https://puppydiscovery.com/puppies/jupiter-fl/,location,"puppies for sale Jupiter FL","puppies near Jupiter; puppy store near Jupiter; puppies Jupiter Florida",index
https://puppydiscovery.com/lead-confirmation/,utility,"","",noindex
